id,name,cost,atk,hp,rarity,camp,alignment,keywords,effectId,effectTiming,effect,flavor,origin,art
c001,John Wick,1,1,1,Black,Nature,Neutral,Passive,friendly_death_buff_1_1,passive,"Passive: Whenever a friendly minion dies, gain +1/+1",A dog was all he had left.,John Wick,/card-art/raw/john-wick.webp
c002,Joker,1,1,1,Black,Nature,Evil,,copy_minion_to_hand,onPlay,Battlecry: Put a copy of a minion in your hand,The punchline was already loaded.,DCEU,/card-art/raw/joker.webp
c003,Detective L,1,1,4,Yellow,Nature,Good,Passive,foresight_draw,passive,"Passive: Your draw now shows 2 cards, pick one",Justice works in probabilities.,Death Note,/card-art/raw/detective-l.webp
c004,Bigfoot,2,2,2,Black,Nature,Neutral,Passive,dodge_40,passive,Passive: Evades 40% of incoming attacks,The woods answer with silence.,Myth,/card-art/raw/bigfoot.webp
c005,Batman,2,1,1,Red,Tech,Good,,batman_gadget_choice,onPlay,Battlecry: Choose an enemy minion. Choose one gadget: Freeze it; Silence it; or give it -2 ATK,Preparation beats power.,DCEU,/card-art/raw/batman.webp
c006,Sandworm,4,3,3,Black,Nature,Neutral,Taunt;Passive,small_attack_ward_2,passive,Taunt. Passive: Cannot be damaged by minions with 2 or less ATK,The desert itself has teeth.,Dune,/card-art/raw/sandworm.webp
c007,Pandora's Actor,5,5,5,Purple,Magic,Evil,,copy_minion_effects,onPlay,Battlecry: Choose another minion. Become it. HP and ATK are not copied,Every role is useful.,Overlord,/card-art/raw/pandora-s-actor.webp
c008,T-1000,5,3,5,Purple,Tech,Neutral,Ongoing,heal_self_full,ongoing,Ongoing: Fully heal yourself,It remembers its shape.,Terminator,/card-art/raw/t-1000.webp
c009,Time Bomb,5,0,9,Black,Tech,Neutral,,time_bomb_destroy_all,ongoing,Ongoing: Destroy ALL minions,Timer is T-1.,Loki,/card-art/raw/time-bomb.webp
c010,Avatar Aang,6,2,3,Red,Magic,Good,Deathrattle,avatar_aang_awakened,onPlay,Battlecry: Restore all friendly minions to full health. Deathrattle: Summon the Awakened (6/3),The last airbender gathers the table.,Avatar,/card-art/raw/avatar-aang.webp
c012,G-Man,7,3,6,Purple,Tech,Neutral,,stasis_enemy,onPlay,Battlecry: Put an enemy minion into stasis - remove it from the board for 2 turns,"Time, Mr. Freeman.",Half-Life,/card-art/raw/g-man.webp
c013,Doctor Strange,7,3,3,Yellow,Magic,Good,,strange_bargain,onPlay,"Battlecry: Offer a bargain. Your opponent chooses: lose 10 Core HP, lose a random minion, or lose 5 mana next turn",Magic trumps everything.,MCU,/card-art/raw/doctor-strange.webp
c014,Kizaru,7,4,4,Yellow,Magic,Neutral,Divine Shield,gain_divine_shield,ongoing,Divine Shield. Ongoing: Gain Divine Shield,Light logic.,One Piece,/card-art/raw/kizaru.webp
c015,Avengers,7,4,4,Yellow,ALL,Good,Passive,invuln_with_good_ally,passive,Passive: Invulnerable as long as you control another Good minion,"When the board breaks, they assemble.",MCU,/card-art/raw/avengers.webp
c016,Doom Slayer,8,4,8,Purple,Tech,Good,Passive,doom_evil_slayer,passive,"Passive: Deal double damage to Evil minions. Whenever Doom Slayer kills an Evil minion, heal him for 3 HP",He cleaned Hell and came back.,Doom,/card-art/raw/doom-slayer.webp
c017,Gol D. Roger,8,6,5,Red,Magic,Neutral,,choose_relic,onPlay,Battlecry: Choose 1 of 3 Relics. Add it to your hand,He has already won.,One Piece,/card-art/raw/gol-d-roger.webp
c018,Marshall D. Teach,8,5,5,Purple,Magic,Evil,,copy_passive,ongoing,Ongoing: Copy a passive from 1 friendly and 1 enemy minion,Steal steal steal.,One Piece,/card-art/raw/marshall-d-teach.webp
c019,Gilgamesh,8,5,5,Yellow,Magic,Evil,,equip_random_relic,onPlay,Battlecry: Equip a random Relic,Unworthy.,Fate,/card-art/raw/gilgamesh.webp
c020,Superman,8,6,6,Yellow,Nature,Good,Passive,superman_damage_cap_3,passive,Passive: Friendly Good minions cannot lose more than 3 HP at once,The heir's son rises.,DCU,/card-art/raw/superman.webp
c021,Light Yagami,6,2,2,Red,Magic,Evil,,light_yagami_nature_kill,onPlay,Battlecry: Destroy an enemy minion,"Ryuk, come help.",Death Note,/card-art/raw/light-yagami.webp
c022,Gojo,9,4,8,Red,Magic,Good,Passive,yoda_global_silence,passive,Passive: All enemy minions are temporarily silenced,Infinity is rude.,Jujutsu Kaisen,/card-art/raw/gojo.webp
c023,Ainz Ooal Gown,9,3,3,Red,Magic,Evil,,set_all_enemy_hp_1,onPlay,Battlecry: Set all enemy minions' HP to 1,The king of death.,Overlord,/card-art/raw/ainz-ooal-gown.webp
c024,Conquest,8,6,6,Purple,Nature,Evil,,anti_good_grow,ongoing,Ongoing: Gain +2/+2 for each enemy Good minion,Named after his purpose.,Invincible,/card-art/raw/conquest.webp
c025,Saitama,10,10,10,Red,Nature,Good,Passive,small_cannot_attack,passive,Passive: Ignores ATK damage less than 5,The punchline is always the same.,OPM,/card-art/raw/saitama.webp
c026,Neo,8,6,6,Red,Tech,Good,,protect_slot,onPlay,"Battlecry: Choose a friendly minion board slot. Minions on that slot cannot be Silenced, Frozen, or Chained",He decided the bullets were harmless.,Matrix,/card-art/raw/neo.webp
c027,Thanos,10,5,5,Red,Magic,Evil,,snap_balance,onPlay,"Battlecry: Reduce the number of minions on the board by half, chosen randomly",Balance. At any cost.,MCU,/card-art/raw/thanos.webp
c028,Flash,10,4,4,Yellow,Magic,Good,Divine Shield;Passive;Charge,flash_speed,passive,Charge. Divine Shield. Passive: Can attack 2 times each turn,Speed of light. And beyond.,DCU,/card-art/raw/flash.webp
c029,Darth Vader,5,3,2,Red,Magic,Evil,,vader_chain_or_destroy,onPlay,Battlecry: Choose an enemy minion. Set its ATK to 1 and Chain it,Reborn.,Star Wars,/card-art/raw/darth-vader.webp
c030,Dumbledore,5,2,4,Black,Magic,Good,Passive,dumbledore_cleanse,passive,"Passive: Friendly minions cannot be Silenced, Frozen, or Chained. Undo any such curses",He always asks calmly.,Harry Potter,/card-art/raw/dumbledore.webp
c031,Ragnaros,4,3,3,Black,Magic,Evil,Cannot Attack;Ongoing,ragnaros_ongoing_burn,ongoing,Cannot attack. Ongoing: Deal 3 damage to a random enemy minion or the enemy core,Summoned. Once again.,Hearthstone,/card-art/raw/ragnaros.webp
c032,Silver Surfer,7,1,1,Purple,Magic,Neutral,Deathrattle,deathrattle_summon_galactus,deathrattle,Deathrattle: Summon Galactus (8/8),The tide brings worlds.,MCU,/card-art/raw/silver-surfer.webp
c033,Yujiro,4,4,4,Red,Nature,Evil,Passive,immune_nature_minions,passive,Passive: Immune to Nature minions,The strongest man alive.,Baki,/card-art/raw/yujiro.webp
c034,Yubaba,4,2,2,Red,Magic,Evil,,devolve_enemy_minions,onPlay,Battlecry: Devolve your enemy minions into random ones that cost 1 less mana,Are you looking for employment?,Spirited Away,/card-art/raw/yubaba.webp
c035,Spider-Man,4,3,3,Yellow,Nature,Good,,freeze_and_weaken,onPlay,Battlecry: Freeze an enemy minion and halve its ATK,Responsibility.,MCU,/card-art/raw/spider-man.webp
c036,General Grievous,4,3,3,Black,Tech,Evil,Passive,grievous_on_kill_atk,passive,"Passive: Whenever Grievous kills a minion, he permanently gains that minion's ATK",A fine addition.,Star Wars,/card-art/raw/general-grievous.webp
c037,Eye of Sauron,3,0,4,Yellow,Magic,Evil,Passive,enemy_magic_minions_cost_2_more,passive,Passive: Enemy Magic minions cost 2 more,Try and hide.,Lord of the Rings,/card-art/raw/eye-of-sauron.webp
c038,Buddha,5,3,4,Purple,Magic,Good,,buddha_purify,onPlay,"Battlecry: All minions become Good type. Clear Chained, Frozen, Silenced and Marked from every minion on the board",Peace.,Record of Ragnarok,/card-art/raw/buddha.webp
c039,Deep Sea King,3,3,3,Black,Nature,Evil,Passive,deep_sea_discount,passive,Passive: Costs 3 less while any minion is Frozen or Chained,This is why you stay out of the ocean.,OPM,/card-art/raw/deep-sea-king.webp
c040,Toji,6,5,3,Purple,Nature,Neutral,Passive,immune_magic_minions,passive,Passive: Immune to Magic minions,No magic. No mercy.,Jujutsu Kaisen,/card-art/raw/toji.webp
c041,Bill Cipher,10,6,6,Red,Magic,Evil,,slot_random_attacks,onPlay,Battlecry: Choose 1 enemy minion board slot. Minions on that board slot can only attack randomly,Chaos was his homeland for millenia,Gravity Falls,/card-art/raw/bill-cipher.webp
c042,Giorno - Gold Experience Requiem,10,4,8,Yellow,Magic,Neutral,,slot_permanent_chain,onPlay,Battlecry: Choose 1 enemy minion board slot. Enemy minions on that board slot are permanently Chained,Cause and Effect,JoJo,/card-art/raw/giorno-gold-experience-requiem.webp
c043,Doctor Manhattan,10,1,1,Purple,Magic,Neutral,,set_stats_choice,onPlay,Battlecry: Choose an enemy minion board slot. Minions on that slot have their stats permanently set to 1/1,Transcended,Watchmen,/card-art/raw/doctor-manhattan.webp
c044,Goku,10,6,7,Red,Magic,Good,Passive,evade_first_attack,passive,Passive: Evade the first attack targeting Goku each enemy turn,Activate Universe Breathing Technique,Dragon Ball,/card-art/raw/goku.webp
c045,Rick Prime,10,1,1,Yellow,Tech,Evil,,rick_return_all,onPlay,Battlecry: Return all other minions to their owners' hands,What…,Rick and Morty,/card-art/raw/rick-prime.webp
c046,The Watcher,10,10,7,Black,Magic,Neutral,Cannot Attack;Passive,watcher_reveal_hand,passive,Cannot attack. Passive: Your opponent's hand is revealed to you,The Witness,MCU,/card-art/raw/the-watcher.webp
c047,Escanor,8,8,4,Red,Magic,Good,,double_other_friendly_attack,onPlay,Battlecry: Double your other friendly minions attack,"The Sun, incarnated",Seven Deadly Sins,/card-art/raw/escanor.webp
c048,Lelouch Lamperouge,7,1,1,Red,Magic,Neutral,,mind_control_enemy,onPlay,Battlecry: Gain control of an enemy minion,Obey,Code Geass,/card-art/raw/lelouch-lamperouge.webp
c049,Rimuru Tempest,9,1,1,Yellow,Magic,Good,,rimuru_tempest,onPlay,Battlecry: Destroy a minion. Gain its stats. Ongoing: Gain +1/+1,Infinite growth,Tensura,/card-art/raw/rimuru-tempest.webp
c050,Aizen,9,4,4,Purple,Magic,Evil,Reborn,aizen_reborn_twice,reborn,Reborn twice. Silence and chain your killer,All part of the plan,Bleach,/card-art/raw/aizen.webp
c051,Boros,9,6,8,Purple,Nature,Evil,,heal_5,ongoing,Ongoing: Heal 5 HP,Strongest of his Universe,OPM,/card-art/raw/boros.webp
c052,Dormammu,9,8,5,Purple,Magic,Evil,,dark_dimension_banish,onPlay,Battlecry: Choose an enemy minion. Banish it to the Dark Dimension until Dormammu dies,I've come to bargain,MCU,/card-art/raw/dormammu.webp
c053,Mob Psycho,9,5,5,Purple,Magic,Good,,mob_ascend,onPlay,"Battlecry: If 2 or more friendly minions are on the board, return them to your hand and set Mob's stats to 10/10",A quiet storm,Mob Psycho,/card-art/raw/mob-psycho.webp
c054,Morpheus,4,2,3,Purple,Tech,Good,,morpheus_choice,onPlay,Battlecry: Discover a random Good or Evil minion from the deck. Draw it,He doesn't offer truth—only the courage to face it,Matrix,/card-art/raw/morpheus.webp
c055,Death Star,9,7,6,Black,Tech,Neutral,,death_star_mark,onPlay,"Battlecry: Mark an enemy minion or the enemy core. At the start of your next turn, if Death Star survives, destroy the marked minion or deal 12 damage to the marked core",The ultimate weapon.,Star Wars,/card-art/raw/death-star.webp
c056,Doomsday,9,7,6,Black,Nature,Evil,Passive,camp_immunity_on_hit,passive,"Passive: After it is attacked, gain immunity to that enemies Camp type of attack for the next 3 enemy turns","Death is his only teacher, and he has learned well",DCU,/card-art/raw/doomsday.webp
c057,Ten Tails,9,7,5,Black,Nature,Evil,,chain_all_minions,onPlay,Battlecry: Chain all other minions,"The beast before beginnings, hungry for the end",Naruto,/card-art/raw/ten-tails.webp
c058,Kaido,8,5,5,Yellow,Nature,Evil,,destroy_enemy_taunt,onPlay,Battlecry: Destroy an enemy Taunt minion,Rules of the seas,One Piece,/card-art/raw/kaido.webp
c059,Korosensei,8,4,4,Yellow,Nature,Neutral,Passive,korosensei_defense,passive,Passive: Evade 20% of attacks. Can only be damaged by ATK of 4 and higher,Mach 20,Assasination Classroom,/card-art/raw/korosensei.webp
c060,Monkey D. Luffy,8,6,4,Red,Magic,Good,,free_chained_shield,onPlay,Battlecry: Free all friendly Chained minions. They may attack immediately and gain Divine Shield,Reality bends; laughter reigns,One Piece,/card-art/raw/monkey-d-luffy.webp
c061,Chaos,5,1,1,Purple,Magic,Neutral,,chaos_random_summon,onPlay,Battlecry: Summon a random minion from your deck,He gives gifts. He never mentions the cost,Hades,/card-art/raw/chaos.webp
c062,S-Class Heroes,8,4,7,Yellow,ALL,Good,,buff_all_good_2,ongoing,Ongoing: Give +2/+2 to all Good minions,The strongest team,OPM,/card-art/raw/s-class-heroes.webp
c063,Sans,4,2,1,Purple,Magic,Neutral,Passive,dodge_60,passive,Passive: Evade 60% of attacks,"HELLO, WORLD!",Undertale,/card-art/raw/sans.webp
c064,Seven Deadly Sins,8,4,5,Purple,Magic,Good,,summon_sins,onPlay,"Battlecry: Fill your empty slots with 1/1 Sin minions. Each enters with a different keyword at random: Taunt, Divine Shield, Charge, Chained",The Magic Number,Seven Deadly Sins,/card-art/raw/seven-deadly-sins.webp
c065,Whitebeard,8,4,3,Yellow,Magic,Neutral,,aoe_damage_3,onPlay,Battlecry: Deal 3 damage to all enemy minions,Split the World in two,One Piece,/card-art/raw/whitebeard.webp
c066,Elder Centipede,7,5,6,Black,Nature,Evil,Ongoing,self_buff_2,ongoing,Ongoing: Gain +2/+2,Billion year old,OPM,/card-art/raw/elder-centipede.webp
c067,Hypnos,4,0,5,Black,Magic,Neutral,Taunt;Passive,chain_attacker,passive,Taunt. Passive: Enemy minions that attack this become Chained,He sleeps in his sleep,Hades,/card-art/raw/hypnos.webp
c068,Star Destroyer,7,5,5,Black,Tech,Neutral,,star_destroyer_tie_fighters,onPlay,Battlecry: Summon two 1/1 TIE Fighters with Charge,-,Star Wars,/card-art/raw/star-destroyer.webp
c069,Isaac Netero,7,4,4,Red,Magic,Good,Divine Shield;Deathrattle,deathrattle_aoe_3,deathrattle,Divine Shield. Deathrattle: Deal 3 damage to all enemy minions,Each prayer strikes harder than any fist,HxH,/card-art/raw/isaac-netero.webp
c070,Vergil & Dante & Nero,7,3,5,Yellow,Magic,Neutral,Passive,attack_2x,passive,Passive: This minion can attack 2 times per turn,Infinite potential,Devil May Cry,/card-art/raw/vergil-and-dante-and-nero.webp
c071,All for One,7,4,5,Red,Magic,Evil,Passive,copy_all_enemy_passives,passive,Passive: Copy and enact the Passive of every enemy minion,A Collector,MHA,/card-art/raw/all-for-one.webp
c072,Genie,7,5,4,Purple,Magic,Neutral,,aladdin_wish,onPlay,Battlecry: Make a wish,What does thy wish,Aladdin,/card-art/raw/genie.webp
c073,All Might,7,4,5,Yellow,Magic,Good,Passive,all_enemy_atk_down_2,passive,"Passive: While on the board, every enemy minion has -2 ATK",Number One,MHA,/card-art/raw/all-might.webp
c074,Grand Master Yoda,7,5,5,Purple,Magic,Good,Cannot Attack;Ongoing,yoda_lowest_atk_buff,ongoing,Cannot attack. Ongoing: Your lowest-ATK friendly minion gains +2/+2,Nine centuries of learning,Star Wars,/card-art/raw/grand-master-yoda.webp
c075,Ultron Prime,7,5,3,Black,Tech,Evil,Taunt;Deathrattle,deathrattle_summon_vision,deathrattle,Taunt. Deathrattle: Summon Vision (5/3) with Taunt,He decided the most efficient protection was elimination,MCU,/card-art/raw/ultron-prime.webp
c076,Godzilla,7,4,5,Purple,Nature,Neutral,Passive,godzilla_damage_burst,passive,Passive: Deal 2 damage to all enemy minions each time you take damage,Laser breathing,Godzilla,/card-art/raw/godzilla.webp
c077,King,1,0,3,Black,Nature,Neutral,Taunt;Passive,dodge_60,passive,Taunt. Passive: Evade 60% of attacks,Luckiest man alive,OPM,/card-art/raw/king.webp
c080,Gandalf the White,6,2,2,Yellow,Magic,Good,Divine Shield,shield_all_friendly,onPlay,Divine Shield. Battlecry: Give all friendly Good minions Divine Shield,An incarnated angel,Lord of the Rings,/card-art/raw/gandalf-the-white.webp
c081,Gordon Freeman,4,1,3,Yellow,Tech,Neutral,Passive,freeman_charge_aura,passive,Passive: All friendly minions have Charge,I̵n̷ ̵t̵h̵e̷ ̵f̴l̵e̷s̷h̴…,Half-life,/card-art/raw/gordon-freeman.webp
c082,Mahoraga,6,5,6,Yellow,Magic,Neutral,Passive,attack_once_ever,passive,Passive: Can only be attacked by each enemy minion once per game,Adaptation is not survival—it is dominance,Jujutsu Kaisen,/card-art/raw/mahoraga.webp
c083,Floor Guardians,8,6,6,Purple,Magic,Evil,,slot_growth_1,onPlay,Battlecry: Choose 1 friendly minion board slot. Minions on that board slot gain +1/+1 at the start of your turn,They do not guard the floors—they own them,Overlord,/card-art/raw/floor-guardians.webp
c084,Meruem,7,4,6,Red,Nature,Neutral,Passive,meruem_kill_copy,passive,"Passive: Whenever Meruem kills a minion, gain +1/+1 and gain its effects",Loyalty,HxH,/card-art/raw/meruem.webp
c085,Sonic,6,5,3,Yellow,Nature,Good,Charge,charge,none,Charge,SS,Sonic The Hedgehog,/card-art/raw/sonic.webp
c086,Dominion Authority,4,1,4,Black,Magic,Good,Passive,dominion_authority,passive,"Passive: Friendly minions cannot be mind-controlled, returned to hand, or transformed by enemy effects",Loyalty,Overlord,/card-art/raw/dominion-authority.webp
c087,Founding Titan,6,4,5,Black,Nature,Evil,Taunt;Passive,taunt_aura,passive,Taunt. Passive: All friendly minions have Taunt,The walls were never meant to protect,Attack on Titan,/card-art/raw/founding-titan.webp
c088,Homelander,6,4,4,Purple,Nature,Evil,Passive,invuln_if_alone,passive,Passive: This minion is Invulnerable if it is your only minion on the board,Central casting,The Boys,/card-art/raw/homelander.webp
c089,Kratos,6,2,6,Black,Magic,Neutral,Passive,kratos_lockdown,passive,Passive: Your opponent cannot play Relics or use Hero power,He killed the gods of his world,God of War Game,/card-art/raw/kratos.webp
c090,Shigaraki,6,4,4,Black,Magic,Evil,Passive,shigaraki_decay,passive,"Passive: Whenever Shigaraki damages a minion, mark it. At the start of your next turn, it dies",Revenge,MHA,/card-art/raw/shigaraki.webp
c091,Ten Commandments,6,3,5,Purple,Magic,Evil,Passive,ten_commandments_first_attack,passive,Passive: The first enemy minion to attack each turn is Chained,Their reputation preceded them by centuries,Seven Deadly Sins,/card-art/raw/ten-commandments.webp
c092,UFO,6,3,3,Black,Tech,Neutral,Divine Shield,none,none,Divine Shield,-,Basic,/card-art/raw/ufo.webp
c093,Yoriichi Type Zero,3,2,2,Black,Tech,Neutral,Passive,survivor_buff,passive,"Passive: Whenever a friendly minion survives a combat, it gains +1/+1",Strongest puppet,Demon Slayer,/card-art/raw/yoriichi-type-zero.webp
c094,Grand Master Oogway,5,2,2,Yellow,Magic,Good,Divine Shield;Passive,oogway_rescue,passive,"Divine Shield. Passive: Once per turn, when another friendly minion would die, return it to your hand instead and Chain Oogway",Patience,Kung-Fu Panda,/card-art/raw/grand-master-oogway.webp
c095,Kojiro Sasaki,5,2,2,Red,Nature,Good,Passive,evade_allies_33,passive,Passive: All friendly minions have +33% chance to evade an attack,Spending infinity in the Astral made him on par with the Gods,RoR,/card-art/raw/kojiro-sasaki.webp
c096,Dio Brando,5,3,2,Red,Magic,Evil,,freeze_all_enemies,onPlay,Battlecry: Freeze all enemy minions,THE WORLD,JoJo,/card-art/raw/dio-brando.webp
c097,Elden Beast,6,4,4,Yellow,Magic,Neutral,Passive,elden_beast_neutral_magic_atk,passive,Passive: All friendly Neutral or Magic minions have +2 ATK,Legends carved into the Lands Between,Elden Ring,/card-art/raw/elden-beast.webp
c098,Big Mom,7,6,6,Purple,Magic,Evil,,devour_friendly,onPlay,"Battlecry: Destroy a friendly minion. Gain its ATK and HP, in addition to your own",Greed,One Piece,/card-art/raw/big-mom.webp
c099,Fire Lord Ozai,5,3,3,Purple,Magic,Evil,,aoe_all_2,onPlay,Battlecry: Deal 2 damage to all other minions,Entitlement,Avatar,/card-art/raw/fire-lord-ozai.webp
c100,Rennala Queen of the Full Moon,5,2,3,Purple,Magic,Neutral,,rebirth_friendly_dead,onPlay,Battlecry: Rebirth a random friendly minion that died this game,The Moon,Elden Ring,/card-art/raw/rennala-queen-of-the-full-moon.webp
c101,The 7 Heroic Spirits,9,4,4,Red,Magic,Neutral,,heroic_relics,onPlay,Battlecry: All your other minions gain a random Relic,Legends reborn,Fate,/card-art/raw/the-7-heroic-spirits.webp
c102,Dragon,5,3,5,Black,Nature,Neutral,Taunt,none,none,Taunt,ROAR,Myth,/card-art/raw/dragon.webp
c103,Military Fort,4,4,4,Black,Tech,Neutral,Taunt;Cannot Attack,none,none,Taunt. Cannot attack,-,Basic,/card-art/raw/military-fort.webp
c104,GLaDOS,5,2,3,Yellow,Tech,Evil,Passive;Cannot Attack,glados_adjacent_tech,passive,Cannot attack. Passive: Adjacent friendly Tech minions have Taunt and +2/+2,The test continues,Portal,/card-art/raw/glados.webp
c105,The Driller,5,1,1,Black,Tech,Evil,,consume_tech_4_hp,onPlay,Battlecry: Consume an enemy Tech minion with 4 HP or lower,Latest design,Transformers,/card-art/raw/the-driller.webp
c106,Transformers,5,2,5,Black,Tech,Neutral,,consume_all_friendly_tech,onPlay,Battlecry: Consume all friendly Tech minions and gain their stats and effects,Cybertronian,Transformers,/card-art/raw/transformers.webp
c107,Chrollo,4,3,5,Yellow,Magic,Evil,,steal_passive,onPlay,Battlecry: Copy a passive from a minion. That minion loses the passive as long as Chrollo is alive,A poisonous spider,HxH,/card-art/raw/chrollo.webp
c108,Musashi,4,2,1,Yellow,Nature,Neutral,,destroy_all_damaged_enemies,onPlay,Battlecry: Destroy all damaged enemy minions,Another duel to win,Baki,/card-art/raw/musashi.webp
c109,Nine Hashira,4,3,3,Yellow,Nature,Good,,hashira_good_volley,onPlay,Battlecry: Deal 1 damage to all enemy minions for each friendly Good minion,Nine pillars holding the sky,Demon Slayer,/card-art/raw/nine-hashira.webp
c110,Po,4,3,3,Red,Nature,Good,Passive,on_survive_buff_1,passive,Passive: Gain +1/+1 each time you survive after attacking or defending,Chosen by accident. Or destiny?,Kung-Fu Panda,/card-art/raw/po.webp
c111,Doctor Octopus,4,3,3,Black,Tech,Evil,,destroy_relic,onPlay,Battlecry: Destroy an enemy Relic (equipped by an enemy minion) of your choice,"The power of the Sun, in the palm of my hands",MCU,/card-art/raw/doctor-octopus.webp
c112,Gyoro Gyoro,4,1,4,Purple,Magic,Evil,,buff_evil_ally_2,ongoing,Ongoing: Give +2/+2 to a friendly Evil minion of your choice,Puppet's puppet-master,OPM,/card-art/raw/gyoro-gyoro.webp
c113,Kite,4,1,2,Purple,Magic,Good,,dice_buff,ongoing,Ongoing: Roll a dice to gain from +1/+1 to +3/+3,Spin the wheel,HxH,/card-art/raw/kite.webp
c114,Lord Voldemort,4,4,4,Purple,Magic,Evil,Passive,voldemort_phylactery,passive,"Passive: Any time Voldemort would die, destroy the lowest-HP other friendly minion instead and restore Voldemort to full HP. If he is alone, he dies normally",Seven horcruxes,Harry Potter,/card-art/raw/lord-voldemort.webp
c115,One-Eyed Owl,5,4,4,Purple,Nature,Evil,Passive,chain_watch_growth,passive,"Passive: Whenever a minion becomes Chained, Frozen or Silenced, gain +1/+1",All seeing eye,Tokyo Ghoul,/card-art/raw/one-eyed-owl.webp
c116,The Mask,6,4,3,Yellow,Magic,Neutral,,transform_random_allies_up,onPlay,Battlecry: Transform your minions into random ones that cost 1 more mana,"True nature, revealed",The Mask,/card-art/raw/the-mask.webp
c117,Albion,4,6,5,Black,Magic,Evil,Chained,none,none,Chained,Mountain-tall,Seven Deadly Sins,/card-art/raw/albion.webp
c118,Battleship,4,2,3,Black,Tech,Neutral,Passive,battleship_tech_aura,passive,Passive: All friendly Tech minions have +2/+1,-,Basic,/card-art/raw/battleship.webp
c119,Carnage Kabuto,4,1,4,Black,Nature,Evil,,self_atk_3,ongoing,Ongoing: Gain +3 ATK,Maximum evolution,OPM,/card-art/raw/carnage-kabuto.webp
c120,Fantastic Four,4,2,2,Black,Nature,Good,Passive,fantastic_four_aura,passive,Passive: Your first 4 board slots each give +1/+1,4,MCU,/card-art/raw/fantastic-four.webp
c121,Furious Five,4,3,3,Yellow,Nature,Good,Passive,shifu_shield,passive,"Passive: Whenever you play a Good friendly minion, it gains Divine Shield",Resilience,Kung-Fu Panda,/card-art/raw/furious-five.webp
c122,Wall of Flesh,4,2,5,Black,Nature,Evil,Taunt;Ongoing,wall_of_flesh_grind,ongoing,Taunt. Ongoing: Deal 1 damage to all enemy minions,A living barricade,Terraria,/card-art/raw/wall-of-flesh.webp
c123,Darkwing,3,2,2,Red,Tech,Good,Deathrattle,kill_back,deathrattle,Deathrattle: The minion which kills this minion also dies right after,He knew the cost,Invincible,/card-art/raw/darkwing.webp
c124,Knov,3,1,1,Black,Magic,Good,,knov_pocket_room,onPlay,"Battlecry: Choose a friendly and an enemy minion to place in the pocket room, removing them from the board. After 2 turns, return the minion with the higher ATK",The Room,HxH,/card-art/raw/knov.webp
c125,Aizawa,3,2,2,Purple,Magic,Good,,silence_enemy,onPlay,Battlecry: Silence an enemy minion of your choice,All it takes is one look,MHA,/card-art/raw/aizawa.webp
c126,Gums,4,2,2,Purple,Nature,Evil,,consume_nature_4_hp,onPlay,Battlecry: Consume an enemy Nature minion with 4 HP or lower,Insatiable hunger,OPM,/card-art/raw/gums.webp
c127,Nyan,4,3,1,Black,Nature,Evil,Charge;Passive,nyan_unerring_attacks,passive,Charge. Passive: Attacks ignore Taunt and cannot be evaded,Cat King,OPM,/card-art/raw/nyan.webp
c128,The Five Convicts,3,5,1,Black,Nature,Evil,Taunt,none,none,Taunt,death sentence,Baki,/card-art/raw/the-five-convicts.webp
c129,Dabi,3,3,3,Purple,Magic,Evil,,aoe_all_1,onPlay,Battlecry: Deal 1 damage to all other minions,He burns with anger,MHA,/card-art/raw/dabi.webp
c130,Godrick the Grafted,3,2,2,Purple,Magic,Evil,,godrick_graft,onPlay,Battlecry: Destroy a friendly minion to gain its stats and effects,Grafted,Elden Ring,/card-art/raw/godrick-the-grafted.webp
c131,Illumi,3,1,1,Purple,Magic,Evil,,mind_control_2,onPlay,Battlecry: Gain control of a minion with 2 HP or less,Control,HxH,/card-art/raw/illumi.webp
c132,Kento Nanami,3,1,1,Purple,Magic,Good,,set_hp_1,onPlay,Battlecry: Set an enemy minion's HP to 1,7:3 Ratio Technique,Jujutsu Kaisen,/card-art/raw/kento-nanami.webp
c133,Kuma,5,3,3,Black,Tech,Good,,bounce_friendly_discount,onPlay,Battlecry: Return a friendly minion to your hand. It costs 5 less the next time it is played this game,Weapon,One Piece,/card-art/raw/kuma.webp
c134,Tai Lung,3,3,3,Purple,Nature,Evil,Chained;Passive,tai_lung_kill_keywords,passive,"Chained. Passive: Whenever Tai Lung kills a minion, gain +1/+1 and its keywords",Imprisoned for 20 years,Kung-Fu Panda,/card-art/raw/tai-lung.webp
c135,Knuckle,3,0,3,Black,Magic,Good,Taunt;Passive,attack_lock,passive,"Taunt. Passive: After the enemy minion attacks this minion, it can't attack for 2 turns",Taxes,HxH,/card-art/raw/knuckle.webp
c136,Cthulhu,6,6,6,Black,Magic,Neutral,Chained;Passive,immune_tech_minions,passive,Chained. Passive: Immune to Tech minions,He dreams,Myth,/card-art/raw/cthulhu.webp
c137,Giant Crystal,3,1,1,Black,Magic,Neutral,Divine Shield,buff_all_magic_2_1,ongoing,Divine Shield. Ongoing: Give all other friendly Magic minions +2/+1,Spawnpoint,Core,/card-art/raw/giant-crystal.webp
c138,Giant Tree,3,1,1,Black,Nature,Neutral,Passive,buff_all_nature_2_1,passive,Passive: All other friendly Nature minions have +2/+1,Older than the roots it feeds.,Core,/card-art/raw/giant-tree.webp
c139,Modern Tank,3,2,2,Black,Tech,Neutral,,damage_enemy_1,onPlay,Battlecry: Deal 1 damage to an enemy minion,-,Basic,/card-art/raw/modern-tank.webp
c140,RoboCop,3,2,4,Black,Tech,Good,Passive,robocop_evil_bonus,passive,Passive: Deal double damage against Evil minions,Uphold the law,RoboCop,/card-art/raw/robocop.webp
c141,Tech Hub,3,1,1,Black,Tech,Neutral,Divine Shield;Passive,buff_all_tech_2_1,passive,Divine Shield. Passive: Give all other friendly Tech minions +2/+1,Every machine came from somewhere. This is that somewhere,Core,/card-art/raw/tech-hub.webp
c142,Zoro,5,4,4,Purple,Nature,Good,Passive,on_kill_buff_1,passive,Passive: Gain +1/+1 after killing a minion,Lost again. Still won.,One Piece,/card-art/raw/zoro.webp
c143,Survivors,2,2,2,Yellow,Nature,Good,Divine Shield,none,none,Divine Shield,They weren't the strongest or the fastest. They were the ones who didn't stop,L4d2,/card-art/raw/survivors.webp
c144,Cecil,2,1,1,Black,Tech,Neutral,,bounce_friendly,onPlay,Battlecry: Return a friendly minion to your hand,Nothing personal. Just cleanup.,Invincible,/card-art/raw/cecil.webp
c145,Kaku Kaioh,2,1,2,Black,Nature,Good,Passive,kaku_evade_counter,passive,"Passive: Evades 50% of attacks. Whenever he evades, the attacker takes damage equal to its own ATK",162 years old,Baki,/card-art/raw/kaku-kaioh.webp
c146,Kiritsugu Emiya,2,1,1,Black,Tech,Neutral,,freeze_and_silence_enemy,onPlay,Battlecry: Freeze and silence an enemy minion,He walks alone,Fate,/card-art/raw/kiritsugu-emiya.webp
c147,Kureo Mado,2,2,2,Purple,Tech,Neutral,,steal_and_equip_relic,onPlay,Battlecry: Take an enemy minion's Relic and equip it to Kureo,Mad hunter,Tokyo Ghoul,/card-art/raw/kureo-mado.webp
c148,Kurogiri,2,1,1,Black,Magic,Evil,,random_attacks_next_turn,onPlay,Battlecry: All minions attack randomly next turn,Every exit leads somewhere else.,MHA,/card-art/raw/kurogiri.webp
c149,Lu Bu,3,3,2,Black,Nature,Neutral,Charge,highest_atk_only,none,Charge. Lu Bu can only attack the highest-ATK enemy if one exists,"Match any man, then pass him.",Record of Ragnarok,/card-art/raw/lu-bu.webp
c150,Meleoron,2,0,1,Black,Magic,Good,Passive,meleoron_protect_ally,passive,Passive: Choose a friendly minion. It ignores Taunt and cannot be targeted as long as Meleoron is alive,True invisibility,HxH,/card-art/raw/meleoron.webp
c151,Mr. Oliva,2,3,2,Black,Nature,Neutral,Passive,oliva_ward,passive,Passive: Can only be damaged by ATK of 2 and higher,Unchained,Baki,/card-art/raw/mr-oliva.webp
c152,Stain,2,1,1,Purple,Magic,Evil,,destroy_damaged_enemy,onPlay,Battlecry: Destroy a damaged minion,No heroes,MHA,/card-art/raw/stain.webp
c153,Black Ops,2,2,2,Black,Tech,Neutral,Passive,black_ops_ignore_taunt,passive,Passive: Ignore Taunt,Classified,Basic,/card-art/raw/black-ops.webp
c154,Gravelord Nito,4,2,3,Black,Magic,Neutral,Passive,nito_any_death_1_1,passive,Passive: Gain +1/+1 when a minion dies,The first of the dead keeps the count.,Dark Souls,/card-art/raw/gravelord-nito.webp
c155,"Morgott, the Omen King",3,1,1,Black,Magic,Neutral,Taunt,summon_margit,onPlay,Taunt. Battlecry: Summon Margit (1/1 with Taunt),The immovable,Elden Ring,/card-art/raw/morgott-the-omen-king.webp
c156,Ouken,2,2,1,Purple,Magic,Evil,Reborn,ouken_reborn,reborn,Reborn infinitely. Become Chained after each Reborn,Immortality cost him everything,Ranking of Kings,/card-art/raw/ouken.webp
c157,Pillar Men,4,4,4,Black,Nature,Evil,Chained;Passive,pillar_men_kill_heal,passive,"Chained. Passive: Whenever Pillar Men kills a minion, restore itself to full health",They outwaited the sun.,JoJo,/card-art/raw/pillar-men.webp
c159,Indiana Jones,1,1,1,Yellow,Nature,Good,,discover_relic_self,onPlay,Battlecry: Discover 1 of 3 Relics. Add it to your hand,Mine,Indiana Jones,/card-art/raw/indiana-jones.webp
c160,Domovoy,1,1,1,Purple,Magic,Good,,draw_relic,onPlay,Battlecry: Draw an Relic,The house spirit,Myth,/card-art/raw/domovoy.webp
c161,Flowey,3,2,2,Yellow,Magic,Evil,Deathrattle,flowey_save_load,deathrattle,Battlecry: Save your core's current HP. Deathrattle: Set your core to the saved HP,Friendliness is a face you put on.,Undertale,/card-art/raw/flowey.webp
c162,Kagaya Ubuyashiki,1,1,1,Purple,Nature,Good,Deathrattle,kagaya_bind_slots,deathrattle,"Deathrattle: Bind two empty slots on the board, one for each side. These slots cannot hold minions for the rest of the game",Leadership,Demon Slayer,/card-art/raw/kagaya-ubuyashiki.webp
c163,Angstrom Levy,4,3,3,Black,Magic,Neutral,,replace_same_cost_random,onPlay,Battlecry: Choose another minion. Put it on the bottom of the deck and summon a random minion of the same cost into its slot,Universe,Invincible,/card-art/raw/angstrom-levy.webp
c164,Dr. Heinz Doofenshmirtz,2,2,2,Black,Tech,Neutral,Ongoing,doof_coinflip,ongoing,Ongoing: 50% to die and 50% to double your stats,Your doom will be unnecessarily complicated,Phineas and Ferb universe,/card-art/raw/dr-heinz-doofenshmirtz.webp
c165,Mugen & Jin,1,1,2,Black,Nature,Neutral,,ally_atk_1,onPlay,Battlecry: Gain +1 ATK if you have another friendly minion on the board,"Two blades, one road, no agreement.",Samurai Champloo,/card-art/raw/mugen-and-jin.webp
c166,Sir Nighteye,1,1,1,Black,Magic,Good,Passive,reveal_top_deck,passive,Passive: See the card on top of the deck,He has already watched this end.,MHA,/card-art/raw/sir-nighteye.webp
c167,Vegapunk,1,1,1,Black,Tech,Neutral,,discover_tech_card,onPlay,"Battlecry: Discover 3 Tech cards in the deck, choose and draw one",His brain never stopped growing,One Piece,/card-art/raw/vegapunk.webp
c168,Walter White,1,1,1,Black,Tech,Neutral,,neutral_double_atk_hp_1,onPlay,"Battlecry: Choose another friendly Neutral minion. Double its ATK, but set its HP to 1",Say. My. Name,Breaking Bad,/card-art/raw/walter-white.webp
c169,An Order of Heavy Knights,1,1,1,Black,Nature,Neutral,Passive,taunt_ally_self_buff,passive,Passive: Gain +1/+1 for every friendly Taunt or Divine Shield minion,Honor. Duty,Basic,/card-art/raw/an-order-of-heavy-knights.webp
c170,Davy Jones,1,1,1,Black,Magic,Evil,,steal_hand_relic,onPlay,Battlecry: Steal an Relic in your opponent's hand,Captain of the drowned,Pirates of the Caribbean,/card-art/raw/davy-jones.webp
c171,Goblins,1,2,1,Black,Nature,Evil,Deathrattle,deathrattle_damage_random_enemy,deathrattle,Deathrattle: Deal 1 damage to a random enemy minion,"Many, loud, briefly in the way.",Myth,/card-art/raw/goblins.webp
c172,Mr. Poopybutthole,1,1,1,Black,Nature,Neutral,Reborn,reborn_once,reborn,Reborn,He was there the whole time,Rick and Morty,/card-art/raw/mr-poopybutthole.webp
c173,Nezu,1,1,1,Black,Nature,Good,,draw_card,onPlay,Battlecry: Draw 1 card,The smartest thing here is a mouse.,MHA,/card-art/raw/nezu.webp
c174,Shibukawa,1,1,1,Black,Nature,Neutral,Divine Shield;Passive,shibukawa_defense_damage_2x,passive,Divine Shield. Passive: Do 2x damage when defending against an attack,Strength is the easiest thing to redirect.,Baki,/card-art/raw/shibukawa.webp
c175,V,1,1,1,Black,Nature,Neutral,Deathrattle,deathrattle_random_evil,deathrattle,"Deathrattle: Destroy a random Evil minion, no matter friendly or not, and deal 4 damage to your own Core",V for Vendetta,V for Vendetta,/card-art/raw/v.webp
c176,Meteor,8,4,4,Black,Nature,Neutral,,aoe_all_4,onPlay,Battlecry: Deal 4 damage to all other minions,It was never going to miss.,Basic,/card-art/raw/meteor.webp
c177,Planetary Defense Grid,7,3,7,Black,Tech,Neutral,Taunt;Passive,planetary_defense_grid_taunt_buff,passive,Taunt. Passive: All other friendly Taunt minions have +2/+2,The shield watches from orbit.,Basic,/card-art/raw/planetary-defense-grid.webp
c178,Black Hole,10,7,4,Black,Magic,Neutral,Deathrattle,black_hole_deathrattle,deathrattle,Deathrattle: Silence then destroy all minions,Nothing escapes the singularity.,Basic,/card-art/raw/black-hole.webp
c179,Rudeus Greyrat,4,2,2,Yellow,Magic,Good,Divine Shield;Passive,rudeus_hero_power_free,passive,Divine Shield. Passive: Your Hero Power costs 0,"Silent casting, overwhelming force.",Mushoku Tensei,/card-art/raw/rudeus-greyrat.webp
c180,Prince Lloyd,6,2,2,Purple,Magic,Good,Divine Shield;Passive,prince_lloyd_damage_ward,passive,Divine Shield. Passive: Other friendly minions take 1 less damage,Magic is all he ever wanted to perfect.,7th Prince,/card-art/raw/prince-lloyd.webp
c181,Motoko Kusanagi,4,2,1,Purple,Tech,Good,,motoko_kusanagi,onPlay,Battlecry: Take control of an enemy Tech minion with 4 HP or less until the end of your next turn,The ghost can choose the shell.,Ghost in the Shell,/card-art/raw/motoko-kusanagi.webp
c182,Xenomorph Queen,4,1,4,Black,Nature,Evil,Passive,xenomorph_queen_brood,passive,Passive: Whenever a friendly minion dies summon a 1/1 Larva,The hive has a mother.,Alien,/card-art/raw/xenomorph-queen.webp
c183,Naruto,8,2,2,Yellow,Magic,Good,,naruto_shadow_clones,onPlay,Battlecry: Fill your board with 2/2 Shadow Clones in empty friendly slots,"A thousand bodies, one will.",Naruto,/card-art/raw/naruto.webp
c184,Frieren,6,2,5,Yellow,Magic,Good,Passive,frieren_relic_discover,passive,"Passive: The first time you cast a relic each turn, discover another relic",Every spell is worth remembering.,Frieren: Beyond Journey's End,/card-art/raw/frieren.webp
c185,Guts,3,1,1,Black,Nature,Neutral,Passive,guts_missing_core_growth,passive,Passive: Gains +1/+1 for each 5 HP your Core is missing,Struggle is the only answer.,Berserk,/card-art/raw/guts.webp
c186,Antimatter Bomb,9,1,1,Black,Tech,Neutral,Deathrattle,deathrattle_damage_both_cores_20,deathrattle,Deathrattle: Deal 20 damage to both cores,No safe distance.,Basic,/card-art/raw/antimatter-bomb.webp
c187,Carrier Strike Group,5,2,5,Black,Tech,Neutral,Passive,carrier_lock_enemy_tech,passive,Passive: Enemy Tech minions cannot attack,The horizon belongs to the fleet.,Basic,/card-art/raw/carrier-strike-group.webp
